{"loss": [1.46137273311615, 0.4892449378967285, 0.2932209372520447, 0.19914482533931732, 0.15061622858047485], "accuracy": [0.5719610452651978, 0.8456931710243225, 0.9053559899330139, 0.9352016448974609, 0.9502667188644409], "val_loss": [0.493215411901474, 0.30551472306251526, 0.2658669352531433, 0.22783097624778748, 0.18063053488731384], "val_accuracy": [0.8490780591964722, 0.9027429819107056, 0.9157181978225708, 0.9306851625442505, 0.9422945380210876]}